,N,Name,ID,BinUp,BinDown,lbl,abb,DtS
0,0,soma,-1,1,0,Soma,Soma_0,0.0
1,1,soma,-1,1,0,Soma,Soma_0,13.025000095367432
2,2,dend_5,5,1,0,CA1slm1,CA1sr_1,32.11351853066808
3,3,apic,5,1,0,CA1sr1,CA1sr_1,53.97866083043438
4,4,apic,6,2,1,CA1sr2,CA1sr_2,70.41580866531889
5,5,apic,6,2,1,CA1sr2,CA1sr_2,86.8529565002034
6,6,apic,6,2,1,CA1sr2,CA1sr_2,103.29010433508793
7,7,apic,7,3,1,CA1sr3,CA1sr_3,119.72725216997245
8,8,apic,7,3,2,CA1sr3,CA1sr_3,136.164400004857
9,9,apic,7,3,2,CA1sr3,CA1sr_3,152.60154783974147
10,10,apic,7,3,2,CA1sr3,CA1sr_3,169.03869567462598
11,11,apic,8,4,2,CA1sr4,CA1sr_4,185.4758435095105
12,12,dend_5,5,1,0,CA1slm1,CA1sr_1,55.33533543046944
13,13,dend_5,6,2,1,CA1slm2,CA1sr_2,74.48583246542408
14,14,dend_5,6,2,1,CA1slm2,CA1sr_2,93.63632950037874
15,15,apic,7,3,1,CA1sr3,CA1sr_3,114.85743505686919
16,16,apic,7,3,2,CA1sr3,CA1sr_3,132.3237653351482
17,17,apic,7,3,2,CA1sr3,CA1sr_3,143.9647118136799
18,18,apic,7,3,2,CA1sr3,CA1sr_3,155.60565829221161
19,19,apic,7,3,2,CA1sr3,CA1sr_3,131.74246078977214
20,20,apic,7,3,2,CA1sr3,CA1sr_3,142.22079817755173
21,21,apic,7,3,2,CA1sr3,CA1sr_3,152.69913556533135
22,22,apic,7,3,2,CA1sr3,CA1sr_3,163.17747295311096
23,23,apic,8,4,2,CA1sr4,CA1sr_4,173.65581034089058
24,24,dend_5,6,2,1,CA1slm2,CA1sr_2,113.80344181807295
25,25,apic,7,3,2,CA1sr3,CA1sr_3,130.70411538482028
26,26,apic,7,3,2,CA1sr3,CA1sr_3,145.0283940436663
27,27,apic,7,3,2,CA1sr3,CA1sr_3,161.0593318282975
28,28,apic,8,4,2,CA1sr4,CA1sr_4,177.0902696129287
29,29,apic,8,4,3,CA1sr4,CA1sr_4,193.12120739755983
30,30,apic,8,4,3,CA1sr4,CA1sr_4,209.15214518219102
31,31,apic,8,4,3,CA1sr4,CA1sr_4,225.1830829668222
32,32,apic,9,5,3,CA1sr5,CA1sr_5,241.21402075145335
33,33,apic,9,5,4,CA1sr5,CA1sr_5,257.24495853608454
34,34,apic,9,5,4,CA1sr5,CA1sr_5,273.27589632071573
35,35,apic,10,6,4,CA1sr6,CA1sr_6,289.30683410534687
36,36,apic,10,6,4,CA1sr6,CA1sr_6,305.33777188997806
37,37,apic,10,6,5,CA1sr6,CA1sr_6,321.36870967460925
38,38,apic,10,6,5,CA1sr6,CA1sr_6,337.39964745924044
39,39,apic,7,3,2,CA1sr3,CA1sr_3,141.8529157338197
40,40,apic,7,3,2,CA1sr3,CA1sr_3,152.14231098664013
41,41,apic,7,3,2,CA1sr3,CA1sr_3,163.041120327343
42,42,apic,8,4,2,CA1sr4,CA1sr_4,173.93992966804592
43,43,apic,7,3,2,CA1sr3,CA1sr_3,150.0344203770035
44,44,apic,7,3,2,CA1sr3,CA1sr_3,159.2360129722717
45,45,apic,7,3,2,CA1sr3,CA1sr_3,170.95617004137844
46,46,apic,8,4,2,CA1sr4,CA1sr_4,182.67632711048515
47,47,apic,8,4,3,CA1sr4,CA1sr_4,194.3964841795919
48,48,apic,8,4,3,CA1sr4,CA1sr_4,206.11664124869864
49,49,apic,7,3,2,CA1sr3,CA1sr_3,159.91573665507005
50,50,apic,8,4,2,CA1sr4,CA1sr_4,172.9953410897735
51,51,apic,8,4,3,CA1sr4,CA1sr_4,186.07494552447693
52,52,apic,8,4,3,CA1sr4,CA1sr_4,199.15454995918037
53,53,apic,8,4,3,CA1sr4,CA1sr_4,212.2341543938838
54,54,apic,8,4,3,CA1sr4,CA1sr_4,225.31375882858725
55,55,apic,9,5,3,CA1sr5,CA1sr_5,238.39336326329067
56,56,dend_5,7,3,2,CA1slm3,CA1sr_3,128.09993251680186
57,57,apic,7,3,2,CA1sr3,CA1sr_3,135.71245018713813
58,58,apic,7,3,2,CA1sr3,CA1sr_3,143.5282317307867
59,59,apic,7,3,2,CA1sr3,CA1sr_3,151.34401327443524
60,60,dend_5,7,3,2,CA1slm3,CA1sr_3,147.37743268252126
61,61,apic,7,3,2,CA1sr3,CA1sr_3,170.1930366767153
62,62,apic,8,4,2,CA1sr4,CA1sr_4,184.67849813068864
63,63,apic,8,4,3,CA1sr4,CA1sr_4,199.16395958466194
64,64,apic,8,4,3,CA1sr4,CA1sr_4,212.9967047223529
65,65,apic,8,4,3,CA1sr4,CA1sr_4,226.17673354376146
66,66,apic,9,5,3,CA1sr5,CA1sr_5,239.35676236517003
67,67,apic,9,5,4,CA1sr5,CA1sr_5,252.53679118657863
68,68,apic,9,5,4,CA1sr5,CA1sr_5,265.71682000798717
69,69,apic,9,5,4,CA1sr5,CA1sr_5,278.89684882939576
70,70,apic,10,6,4,CA1sr6,CA1sr_6,292.07687765080436
71,71,apic,10,6,4,CA1sr6,CA1sr_6,305.25690647221296
72,72,apic,10,6,5,CA1sr6,CA1sr_6,318.4369352936215
73,73,apic,8,4,3,CA1sr4,CA1sr_4,213.04336541070504
74,74,apic,8,4,3,CA1sr4,CA1sr_4,226.3167156088179
75,75,apic,9,5,3,CA1sr5,CA1sr_5,239.5900658069308
76,76,apic,9,5,4,CA1sr5,CA1sr_5,252.8634160050437
77,77,apic,9,5,4,CA1sr5,CA1sr_5,266.1367662031566
78,78,dend_5,7,3,2,CA1slm3,CA1sr_3,168.77636336929828
79,79,apic,8,4,2,CA1sr4,CA1sr_4,178.40868313549558
80,80,apic,8,4,3,CA1sr4,CA1sr_4,186.02120782875096
81,81,apic,8,4,3,CA1sr4,CA1sr_4,193.63373252200637
82,82,apic,8,4,3,CA1sr4,CA1sr_4,203.41924400287706
83,83,apic,8,4,3,CA1sr4,CA1sr_4,215.3777422713631
84,84,apic,8,4,3,CA1sr4,CA1sr_4,227.33624053984917
85,85,apic,9,5,3,CA1sr5,CA1sr_5,239.29473880833524
86,86,apic,9,5,4,CA1sr5,CA1sr_5,251.25323707682128
87,87,apic,9,5,4,CA1sr5,CA1sr_5,263.2117353453073
88,88,apic,9,5,4,CA1sr5,CA1sr_5,275.17023361379336
89,89,apic,10,6,4,CA1sr6,CA1sr_6,287.1287318822794
90,90,apic,10,6,4,CA1sr6,CA1sr_6,299.08723015076544
91,91,apic,10,6,4,CA1sr6,CA1sr_6,311.0457284192515
92,92,apic,10,6,5,CA1sr6,CA1sr_6,323.0042266877375
93,93,apic,8,4,3,CA1sr4,CA1sr_4,204.5249928746023
94,94,apic,8,4,3,CA1sr4,CA1sr_4,220.07247367376235
95,95,apic,9,5,3,CA1sr5,CA1sr_5,236.99743926014588
96,96,apic,9,5,4,CA1sr5,CA1sr_5,253.92240484652945
97,97,apic,9,5,4,CA1sr5,CA1sr_5,270.847370432913
98,98,apic,10,6,4,CA1sr6,CA1sr_6,287.7723360192966
99,99,apic,10,6,4,CA1sr6,CA1sr_6,304.6973016056801
100,100,apic,10,6,5,CA1sr6,CA1sr_6,321.62226719206365
101,101,apic,8,4,3,CA1sr4,CA1sr_4,216.2004591258816
102,102,apic,8,4,3,CA1sr4,CA1sr_4,225.38139561650368
103,103,apic,9,5,3,CA1sr5,CA1sr_5,234.5623321071257
104,104,apic,9,5,3,CA1sr5,CA1sr_5,245.16109917645645
105,105,apic,9,5,4,CA1sr5,CA1sr_5,257.1776968244957
106,106,apic,9,5,4,CA1sr5,CA1sr_5,269.194294472535
107,107,apic,9,5,4,CA1sr5,CA1sr_5,281.2108921205743
108,108,apic,10,6,4,CA1sr6,CA1sr_6,293.2274897686135
109,109,apic,10,6,4,CA1sr6,CA1sr_6,305.2440874166528
110,110,apic,10,6,5,CA1sr6,CA1sr_6,317.2606850646921
111,111,apic,9,5,3,CA1sr5,CA1sr_5,245.31571764274668
112,112,apic,9,5,4,CA1sr5,CA1sr_5,257.64155222336655
113,113,apic,9,5,4,CA1sr5,CA1sr_5,269.9673868039864
114,114,apic,9,5,4,CA1sr5,CA1sr_5,282.2932213846063
115,115,apic,10,6,4,CA1sr6,CA1sr_6,294.6190559652261
116,116,dend_5,8,4,3,CA1slm4,CA1sr_4,191.48689330494656
117,117,apic,8,4,3,CA1sr4,CA1sr_4,214.15029518081917
118,118,apic,8,4,3,CA1sr4,CA1sr_4,225.70815390040707
119,119,apic,9,5,3,CA1sr5,CA1sr_5,237.2660126199949
120,120,apic,9,5,4,CA1sr5,CA1sr_5,248.8238713395828
121,121,apic,9,5,4,CA1sr5,CA1sr_5,260.3817300591707
122,122,dend_5,8,4,3,CA1slm4,CA1sr_4,212.1753183938314
123,123,apic,8,4,3,CA1sr4,CA1sr_4,220.9286112256765
124,124,apic,9,5,3,CA1sr5,CA1sr_5,230.82729174375442
125,125,apic,9,5,3,CA1sr5,CA1sr_5,240.72597226183234
126,126,dend_5,8,4,3,CA1slm4,CA1sr_4,218.59854732520108
127,127,apic,9,5,3,CA1sr5,CA1sr_5,232.17078919621298
128,128,apic,9,5,4,CA1sr5,CA1sr_5,250.22532553717633
129,129,apic,9,5,4,CA1sr5,CA1sr_5,264.4284671942064
130,130,apic,9,5,4,CA1sr5,CA1sr_5,278.6316088512365
131,131,apic,10,6,4,CA1sr6,CA1sr_6,292.83475050826655
132,132,apic,10,6,4,CA1sr6,CA1sr_6,307.0378921652966
133,133,apic,10,6,5,CA1sr6,CA1sr_6,321.2410338223267
134,134,apic,10,6,5,CA1sr6,CA1sr_6,335.4441754793568
135,135,apic,11,7,5,CA1sr7,CA1sr_7,349.64731713638685
136,136,apic,11,7,5,CA1sr7,CA1sr_7,363.8504587934169
137,137,apic,11,7,5,CA1sr7,CA1sr_7,378.05360045044705
138,138,apic,11,7,5,CA1sr7,CA1sr_7,392.25674210747707
139,139,apic,9,5,4,CA1sr5,CA1sr_5,250.86558002206073
140,140,apic,9,5,4,CA1sr5,CA1sr_5,266.3492306488597
141,141,apic,9,5,4,CA1sr5,CA1sr_5,281.8328812756586
142,142,apic,10,6,4,CA1sr6,CA1sr_6,297.31653190245754
143,143,apic,10,6,5,CA1sr6,CA1sr_6,312.80018252925646
144,144,apic,10,6,5,CA1sr6,CA1sr_6,328.28383315605544
145,145,apic,11,7,5,CA1sr7,CA1sr_7,343.76748378285436
146,146,apic,11,7,5,CA1sr7,CA1sr_7,359.25113440965333
147,147,apic,11,7,5,CA1sr7,CA1sr_7,374.73478503645225
148,148,apic,11,7,5,CA1sr7,CA1sr_7,390.2184356632511
149,149,apic,12,8,5,CA1sr8,CA1sr_8,405.7020862900501
150,150,apic,12,8,5,CA1sr8,CA1sr_8,421.18573691684907
151,151,apic,12,8,5,CA1sr8,CA1sr_8,436.66938754364804
152,152,apic,12,8,5,CA1sr8,CA1sr_8,452.15303817044696
153,153,apic,13,9,5,CA1sr9,CA1sr_9,467.63668879724594
154,154,dend_5,9,5,3,CA1slm5,CA1sr_5,231.4947281894249
155,155,apic,9,5,4,CA1sr5,CA1sr_5,250.61492176525843
156,156,apic,9,5,4,CA1sr5,CA1sr_5,268.3014999056051
157,157,apic,10,6,4,CA1sr6,CA1sr_6,285.98807804595174
158,158,apic,10,6,4,CA1sr6,CA1sr_6,303.67465618629836
159,159,apic,10,6,5,CA1sr6,CA1sr_6,321.36123432664505
160,160,apic,10,6,5,CA1sr6,CA1sr_6,339.04781246699173
161,161,apic,11,7,5,CA1sr7,CA1sr_7,356.73439060733836
162,162,apic,11,7,5,CA1sr7,CA1sr_7,374.42096874768504
163,163,apic,11,7,5,CA1sr7,CA1sr_7,392.10754688803166
164,164,apic,12,8,5,CA1sr8,CA1sr_8,409.7941250283783
165,165,apic,12,8,5,CA1sr8,CA1sr_8,427.480703168725
166,166,dend_5,9,5,3,CA1slm5,CA1sr_5,246.01297793332492
167,167,apic,9,5,4,CA1sr5,CA1sr_5,257.9658621294551
168,168,apic,9,5,4,CA1sr5,CA1sr_5,273.388940045236
169,169,apic,10,6,4,CA1sr6,CA1sr_6,288.8120179610168
170,170,apic,10,6,4,CA1sr6,CA1sr_6,304.23509587679763
171,171,apic,10,6,5,CA1sr6,CA1sr_6,319.6581737925785
172,172,apic,10,6,5,CA1sr6,CA1sr_6,335.08125170835933
173,173,apic,11,7,5,CA1sr7,CA1sr_7,350.5043296241402
174,174,apic,11,7,5,CA1sr7,CA1sr_7,365.92740753992103
175,175,apic,11,7,5,CA1sr7,CA1sr_7,381.35048545570186
176,176,apic,11,7,5,CA1sr7,CA1sr_7,396.7735633714827
177,177,apic,12,8,5,CA1sr8,CA1sr_8,412.19664128726356
178,178,apic,12,8,5,CA1sr8,CA1sr_8,427.6197192030444
179,179,apic,12,8,5,CA1sr8,CA1sr_8,443.0427971188253
180,180,dend_5,9,5,4,CA1slm5,CA1sr_5,258.03570950762384
181,181,apic,9,5,4,CA1sr5,CA1sr_5,274.838479664354
182,182,apic,10,6,4,CA1sr6,CA1sr_6,292.8812473056959
183,183,apic,10,6,4,CA1sr6,CA1sr_6,310.9240149470379
184,184,apic,10,6,5,CA1sr6,CA1sr_6,328.9667825883799
185,185,apic,11,7,5,CA1sr7,CA1sr_7,347.00955022972187
186,186,apic,11,7,5,CA1sr7,CA1sr_7,363.33065070022496
187,187,apic,11,7,5,CA1sr7,CA1sr_7,377.93008399988923
188,188,apic,11,7,5,CA1sr7,CA1sr_7,392.5295172995535
189,189,apic,12,8,5,CA1sr8,CA1sr_8,407.1289505992178
190,190,apic,12,8,5,CA1sr8,CA1sr_8,421.7283838988821
191,191,apic,12,8,5,CA1sr8,CA1sr_8,436.32781719854637
192,192,apic,12,8,5,CA1sr8,CA1sr_8,450.9272504982107
193,193,apic,11,7,5,CA1sr7,CA1sr_7,363.4701096589932
194,194,apic,11,7,5,CA1sr7,CA1sr_7,378.3484608761938
195,195,apic,11,7,5,CA1sr7,CA1sr_7,393.22681209339447
196,196,apic,12,8,5,CA1sr8,CA1sr_8,408.10516331059506
197,197,apic,12,8,5,CA1sr8,CA1sr_8,422.98351452779576
198,198,apic,12,8,5,CA1sr8,CA1sr_8,437.86186574499646
199,199,apic,12,8,5,CA1sr8,CA1sr_8,452.7402169621971
200,200,dend_5,9,5,4,CA1slm5,CA1sr_5,282.6687203244932
201,201,apic,10,6,4,CA1sr6,CA1sr_6,304.13891806538544
202,202,apic,10,6,5,CA1sr6,CA1sr_6,313.37606458554967
203,203,apic,10,6,5,CA1sr6,CA1sr_6,322.61321110571384
204,204,apic,10,6,5,CA1sr6,CA1sr_6,333.6142132624447
205,205,apic,11,7,5,CA1sr7,CA1sr_7,346.37907105574226
206,206,apic,11,7,5,CA1sr7,CA1sr_7,359.1439288490398
207,207,apic,11,7,5,CA1sr7,CA1sr_7,371.9087866423374
208,208,apic,11,7,5,CA1sr7,CA1sr_7,384.6736444356349
209,209,apic,11,7,5,CA1sr7,CA1sr_7,397.43850222893246
210,210,apic,12,8,5,CA1sr8,CA1sr_8,410.20336002223
211,211,apic,12,8,5,CA1sr8,CA1sr_8,422.9682178155276
212,212,apic,12,8,5,CA1sr8,CA1sr_8,435.73307560882523
213,213,apic,12,8,5,CA1sr8,CA1sr_8,448.4979334021228
214,214,apic,13,9,5,CA1sr9,CA1sr_9,461.26279119542033
215,215,apic,10,6,5,CA1sr6,CA1sr_6,333.39536142124683
216,216,apic,11,7,5,CA1sr7,CA1sr_7,347.75936327104
217,217,apic,11,7,5,CA1sr7,CA1sr_7,364.1602128597246
218,218,apic,11,7,5,CA1sr7,CA1sr_7,380.5610624484092
219,219,apic,11,7,5,CA1sr7,CA1sr_7,392.2591882854645
220,220,apic,12,8,5,CA1sr8,CA1sr_8,399.2545903708905
221,221,apic,12,8,5,CA1sr8,CA1sr_8,406.24999245631653
222,222,apic,11,7,5,CA1sr7,CA1sr_7,395.6656367718228
223,223,apic,12,8,5,CA1sr8,CA1sr_8,409.47393582996546
224,224,apic,12,8,5,CA1sr8,CA1sr_8,423.2822348881082
225,225,apic,12,8,5,CA1sr8,CA1sr_8,437.09053394625084
226,226,apic,12,8,5,CA1sr8,CA1sr_8,450.8988330043935
227,227,apic,13,9,5,CA1sr9,CA1sr_9,464.70713206253623
228,228,apic,13,9,5,CA1sr9,CA1sr_9,478.51543112067884
229,229,apic,11,7,5,CA1sr7,CA1sr_7,345.1409409794292
230,230,apic,11,7,5,CA1sr7,CA1sr_7,356.30494598489224
231,231,apic,11,7,5,CA1sr7,CA1sr_7,367.46895099035527
232,232,apic,11,7,5,CA1sr7,CA1sr_7,378.6329559958183
233,233,apic,11,7,5,CA1sr7,CA1sr_7,389.79696100128126
234,234,dend_5,10,6,4,CA1slm6,CA1sr_6,307.52459836735864
235,235,dend_5,10,6,5,CA1slm6,CA1sr_6,323.53310549146914
236,236,dend_5,10,6,5,CA1slm6,CA1sr_6,339.54161261557965
237,237,apic,11,7,5,CA1sr7,CA1sr_7,355.4682700951885
238,238,apic,11,7,5,CA1sr7,CA1sr_7,371.31307793029555
239,239,apic,11,7,5,CA1sr7,CA1sr_7,387.1578857654026
240,240,apic,12,8,5,CA1sr8,CA1sr_8,403.00269360050976
241,241,apic,12,8,5,CA1sr8,CA1sr_8,418.84750143561683
242,242,apic,12,8,5,CA1sr8,CA1sr_8,434.69230927072397
243,243,apic,12,8,5,CA1sr8,CA1sr_8,450.5371171058311
244,244,apic,13,9,5,CA1sr9,CA1sr_9,466.38192494093823
245,245,apic,13,9,5,CA1sr9,CA1sr_9,482.22673277604525
246,246,apic,13,9,5,CA1sr9,CA1sr_9,498.0715406111524
247,247,apic,14,10,5,CA1sr10,CA1sr_10,513.9163484462595
248,248,dend_5,11,7,5,CA1slm7,CA1sr_7,352.2064176731731
249,249,apic,11,7,5,CA1sr7,CA1sr_7,364.7495445544622
250,250,apic,11,7,5,CA1sr7,CA1sr_7,380.5146953259639
251,251,apic,11,7,5,CA1sr7,CA1sr_7,396.2798460974656
252,252,apic,12,8,5,CA1sr8,CA1sr_8,412.0449968689673
253,253,apic,12,8,5,CA1sr8,CA1sr_8,427.81014764046904
254,254,apic,12,8,5,CA1sr8,CA1sr_8,443.5752984119708
255,255,apic,13,9,5,CA1sr9,CA1sr_9,459.3404491834725
256,256,apic,13,9,5,CA1sr9,CA1sr_9,475.1055999549742
257,257,apic,13,9,5,CA1sr9,CA1sr_9,490.8707507264759
258,258,apic,13,9,5,CA1sr9,CA1sr_9,506.6359014979776
259,259,apic,14,10,5,CA1sr10,CA1sr_10,522.4010522694794
260,260,dend_5,11,7,5,CA1slm7,CA1sr_7,369.92155280124734
261,261,dend_5,11,7,5,CA1slm7,CA1sr_7,396.03072006631925
262,262,dend_5,12,8,5,CA1slm8,CA1sr_8,422.13988733139126
263,263,apic,12,8,5,CA1sr8,CA1sr_8,442.4959739593891
264,264,apic,13,9,5,CA1sr9,CA1sr_9,457.09897995031287
265,265,apic,13,9,5,CA1sr9,CA1sr_9,471.7019859412366
266,266,dend_5,12,8,5,CA1slm8,CA1sr_8,439.7706052466881
267,267,dend_5,12,8,5,CA1slm8,CA1sr_8,454.86285917079766
268,268,dend_5,13,9,5,CA1slm9,CA1sr_9,475.8950984534952
269,269,dend_5,13,9,5,CA1slm9,CA1sr_9,496.9273377361927
270,270,dend_5,14,10,5,CA1slm10,CA1sr_10,517.9595770188903
271,271,dend_5,14,10,5,CA1slm10,CA1sr_10,538.991816301588
272,272,dend_5,14,10,5,CA1slm10,CA1sr_10,557.7717300905088
273,273,dend_5,15,11,5,CA1slm11,CA1slm_1,574.2993183856529
274,274,dend_5,15,11,5,CA1slm11,CA1slm_1,590.826906680797
275,275,dend_5,15,11,5,CA1slm11,CA1slm_1,607.3544949759412
276,276,dend_5,15,11,5,CA1slm11,CA1slm_1,623.8820832710852
277,277,dend_5,16,12,5,CA1slm12,CA1slm_2,640.4096715662293
278,278,dend_5,16,12,5,CA1slm12,CA1slm_2,656.9372598613735
279,279,dend_5,16,12,5,CA1slm12,CA1slm_2,673.4648481565176
280,280,dend_5,17,13,5,CA1slm13,CA1slm_3,689.9924364516615
281,281,dend_5,17,13,5,CA1slm13,CA1slm_3,706.5200247468057
282,282,dend_5,17,13,5,CA1slm13,CA1slm_3,723.04761304195
283,283,dend_5,17,13,5,CA1slm13,CA1slm_3,739.5752013370941
284,284,dend_5,18,14,5,CA1slm14,CA1slm_4,756.1027896322382
285,285,dend_5,18,14,5,CA1slm14,CA1slm_4,772.6303779273821
286,286,dend_5,18,14,5,CA1slm14,CA1slm_4,789.1579662225263
287,287,dend_5,14,10,5,CA1slm10,CA1sr_10,558.1793112849947
288,288,dend_5,15,11,5,CA1slm11,CA1slm_1,575.5220619691105
289,289,dend_5,15,11,5,CA1slm11,CA1slm_1,592.8648126532264
290,290,dend_5,15,11,5,CA1slm11,CA1slm_1,610.2075633373423
291,291,dend_5,16,12,5,CA1slm12,CA1slm_2,627.5503140214581
292,292,dend_5,16,12,5,CA1slm12,CA1slm_2,643.7112324727267
293,293,dend_5,16,12,5,CA1slm12,CA1slm_2,658.6903186911478
294,294,dend_5,16,12,5,CA1slm12,CA1slm_2,673.6694049095689
295,295,dend_5,17,13,5,CA1slm13,CA1slm_3,688.6484911279899
296,296,dend_5,17,13,5,CA1slm13,CA1slm_3,703.6275773464112
297,297,dend_5,17,13,5,CA1slm13,CA1slm_3,718.6066635648323
298,298,dend_5,17,13,5,CA1slm13,CA1slm_3,733.5857497832536
299,299,dend_5,18,14,5,CA1slm14,CA1slm_4,748.5648360016747
300,300,dend_5,18,14,5,CA1slm14,CA1slm_4,763.5439222200957
301,301,dend_5,18,14,5,CA1slm14,CA1slm_4,778.5230084385169
302,302,dend_5,18,14,5,CA1slm14,CA1slm_4,793.502094656938
303,303,dend_5,19,15,5,CA1slm15,CA1slm_5,808.4811808753591
304,304,dend_5,19,15,5,CA1slm15,CA1slm_5,823.4602670937802
305,305,dend_5,19,15,5,CA1slm15,CA1slm_5,838.4393533122014
306,306,dend_5,19,15,5,CA1slm15,CA1slm_5,853.4184395306225
307,307,dend_5,16,12,5,CA1slm12,CA1slm_2,643.6519824206248
308,308,dend_5,16,12,5,CA1slm12,CA1slm_2,658.512568534842
309,309,dend_5,16,12,5,CA1slm12,CA1slm_2,673.3731546490595
310,310,dend_5,17,13,5,CA1slm13,CA1slm_3,688.2337407632767
311,311,dend_5,17,13,5,CA1slm13,CA1slm_3,703.094326877494
312,312,dend_5,17,13,5,CA1slm13,CA1slm_3,718.2037137830708
313,313,dend_5,17,13,5,CA1slm13,CA1slm_3,733.5619014800074
314,314,dend_5,18,14,5,CA1slm14,CA1slm_4,748.9200891769436
315,315,dend_5,18,14,5,CA1slm14,CA1slm_4,764.2782768738797
316,316,dend_5,18,14,5,CA1slm14,CA1slm_4,779.636464570816
317,317,dend_5,18,14,5,CA1slm14,CA1slm_4,794.9946522677523
318,318,dend_5,19,15,5,CA1slm15,CA1slm_5,810.3528399646885
319,319,dend_5,17,13,5,CA1slm13,CA1slm_3,716.5594546437359
320,320,dend_5,17,13,5,CA1slm13,CA1slm_3,728.6291240620023
321,321,dend_5,17,13,5,CA1slm13,CA1slm_3,740.6987934802687
322,322,dend_5,18,14,5,CA1slm14,CA1slm_4,752.768462898535
323,323,dend_5,18,14,5,CA1slm14,CA1slm_4,764.8381323168012
324,324,dend_5,18,14,5,CA1slm14,CA1slm_4,776.9078017350674
325,325,dend_5,18,14,5,CA1slm14,CA1slm_4,788.9774711533338
326,326,dend_5,19,15,5,CA1slm15,CA1slm_5,801.0471405716
327,327,dend_5,19,15,5,CA1slm15,CA1slm_5,813.1168099898664
328,328,dend_5,13,9,5,CA1slm9,CA1sr_9,459.4041607751775
329,329,dend_5,13,9,5,CA1slm9,CA1sr_9,480.8165353326832
330,330,dend_5,13,9,5,CA1slm9,CA1sr_9,493.52644195623736
331,331,dend_5,13,9,5,CA1slm9,CA1sr_9,506.2363485797916
332,332,dend_5,13,9,5,CA1slm9,CA1sr_9,484.79836852503144
333,333,dend_5,13,9,5,CA1slm9,CA1sr_9,505.4719415332822
334,334,dend_5,14,10,5,CA1slm10,CA1sr_10,526.145514541533
335,335,dend_5,14,10,5,CA1slm10,CA1sr_10,546.8190875497837
336,336,dend_5,14,10,5,CA1slm10,CA1sr_10,567.4926605580345
337,337,dend_5,15,11,5,CA1slm11,CA1slm_1,589.1941895672859
338,338,dend_5,15,11,5,CA1slm11,CA1slm_1,611.923674577538
339,339,dend_5,16,12,5,CA1slm12,CA1slm_2,634.6531595877901
340,340,dend_5,16,12,5,CA1slm12,CA1slm_2,653.2553361746069
341,341,dend_5,16,12,5,CA1slm12,CA1slm_2,667.7302043379881
342,342,dend_5,16,12,5,CA1slm12,CA1slm_2,682.2050725013692
343,343,dend_5,17,13,5,CA1slm13,CA1slm_3,696.6799406647503
344,344,dend_5,17,13,5,CA1slm13,CA1slm_3,711.1548088281315
345,345,dend_5,17,13,5,CA1slm13,CA1slm_3,725.6296769915128
346,346,dend_5,17,13,5,CA1slm13,CA1slm_3,740.1045451548941
347,347,dend_5,18,14,5,CA1slm14,CA1slm_4,754.5794133182752
348,348,dend_5,18,14,5,CA1slm14,CA1slm_4,769.0542814816563
349,349,dend_5,18,14,5,CA1slm14,CA1slm_4,783.5291496450375
350,350,dend_5,19,15,5,CA1slm15,CA1slm_5,798.0040178084187
351,351,dend_5,16,12,5,CA1slm12,CA1slm_2,650.1203169990591
352,352,dend_5,16,12,5,CA1slm12,CA1slm_2,658.3251468113448
353,353,dend_5,16,12,5,CA1slm12,CA1slm_2,666.5299766236304
354,354,dend_5,16,12,5,CA1slm12,CA1slm_2,678.2273486197895
355,355,dend_5,17,13,5,CA1slm13,CA1slm_3,693.4172627998219
356,356,dend_5,17,13,5,CA1slm13,CA1slm_3,708.6071769798543
357,357,dend_5,17,13,5,CA1slm13,CA1slm_3,723.7970911598869
358,358,dend_5,17,13,5,CA1slm13,CA1slm_3,738.9870053399194
359,359,dend_5,18,14,5,CA1slm14,CA1slm_4,754.1769195199519
360,360,dend_5,18,14,5,CA1slm14,CA1slm_4,769.3668336999841
361,361,dend_5,18,14,5,CA1slm14,CA1slm_4,784.5567478800166
362,362,dend_5,19,15,5,CA1slm15,CA1slm_5,799.746662060049
363,363,dend_5,16,12,5,CA1slm12,CA1slm_2,677.9112914002881
364,364,dend_5,17,13,5,CA1slm13,CA1slm_3,692.4690911413177
365,365,dend_5,17,13,5,CA1slm13,CA1slm_3,707.0268908823474
366,366,dend_5,17,13,5,CA1slm13,CA1slm_3,721.5846906233771
367,367,dend_5,17,13,5,CA1slm13,CA1slm_3,736.1424903644069
368,368,dend_5,18,14,5,CA1slm14,CA1slm_4,750.7002901054365
369,369,dend_5,18,14,5,CA1slm14,CA1slm_4,765.258089846466
370,370,dend_5,15,11,5,CA1slm11,CA1slm_1,589.270883992842
371,371,dend_5,15,11,5,CA1slm11,CA1slm_1,607.5245442847349
372,372,dend_5,15,11,5,CA1slm11,CA1slm_1,621.1489910071567
373,373,dend_5,16,12,5,CA1slm12,CA1slm_2,634.7734377295785
374,374,dend_5,15,11,5,CA1slm11,CA1slm_1,609.8519008312501
375,375,dend_5,16,12,5,CA1slm12,CA1slm_2,628.1310606467022
376,376,dend_5,16,12,5,CA1slm12,CA1slm_2,646.4102204621544
377,377,dend_5,16,12,5,CA1slm12,CA1slm_2,664.6893802776066
378,378,dend_5,16,12,5,CA1slm12,CA1slm_2,682.9685400930587
379,379,dend_5,17,13,5,CA1slm13,CA1slm_3,698.5708093203835
380,380,dend_5,17,13,5,CA1slm13,CA1slm_3,711.4961879595816
381,381,dend_5,17,13,5,CA1slm13,CA1slm_3,724.4215665987796
382,382,dend_5,17,13,5,CA1slm13,CA1slm_3,737.3469452379776
383,383,dend_5,18,14,5,CA1slm14,CA1slm_4,750.2723238771756
384,384,dend_5,18,14,5,CA1slm14,CA1slm_4,763.1977025163734
385,385,dend_5,18,14,5,CA1slm14,CA1slm_4,776.1230811555713
386,386,dend_5,17,13,5,CA1slm13,CA1slm_3,698.6580117715856
387,387,dend_5,17,13,5,CA1slm13,CA1slm_3,711.7577953131877
388,388,dend_5,17,13,5,CA1slm13,CA1slm_3,724.8575788547897
389,389,dend_5,17,13,5,CA1slm13,CA1slm_3,737.9573623963919
390,390,dend_5,18,14,5,CA1slm14,CA1slm_4,751.0571459379938
391,391,dend_5,18,14,5,CA1slm14,CA1slm_4,764.1569294795958
392,392,dend_5,18,14,5,CA1slm14,CA1slm_4,777.2567130211977
393,393,dend,4,1,0,CA1so0,CA1so_5,27.730998329099684
394,394,dend,4,1,0,CA1so0,CA1so_5,46.56879201573139
395,395,dend,4,2,0,CA1so0,CA1so_5,59.477436688204364
396,396,dend,3,2,1,CA1so1,CA1so_4,69.59146902216689
397,397,dend,3,2,1,CA1so1,CA1so_4,83.14973535689815
398,398,dend,3,2,1,CA1so1,CA1so_4,96.7080016916294
399,399,dend,3,2,1,CA1so1,CA1so_4,110.26626802636068
400,400,dend,3,3,1,CA1so1,CA1so_4,123.82453436109193
401,401,dend,2,3,2,CA1so2,CA1so_3,137.38280069582322
402,402,dend,2,3,2,CA1so2,CA1so_3,150.94106703055445
403,403,dend,2,3,2,CA1so2,CA1so_3,164.4993333652857
404,404,dend,2,4,2,CA1so2,CA1so_3,178.05759970001697
405,405,dend,3,2,1,CA1so1,CA1so_4,68.96723063188216
406,406,dend,3,2,1,CA1so1,CA1so_4,81.27702018604396
407,407,dend,3,2,1,CA1so1,CA1so_4,93.58680974020575
408,408,dend,3,2,1,CA1so1,CA1so_4,105.89659929436756
409,409,dend,3,3,1,CA1so1,CA1so_4,118.20638884852936
410,410,dend,2,3,2,CA1so2,CA1so_3,130.51617840269114
411,411,dend,2,3,2,CA1so2,CA1so_3,142.82596795685294
412,412,dend,2,3,2,CA1so2,CA1so_3,155.13575751101473
413,413,dend,2,3,2,CA1so2,CA1so_3,167.44554706517653
414,414,dend,2,4,2,CA1so2,CA1so_3,179.75533661933835
415,415,dend,1,4,3,CA1so3,CA1so_2,192.06512617350015
416,416,dend,3,2,1,CA1so1,CA1so_4,63.09589205528677
417,417,dend,3,2,1,CA1so1,CA1so_4,76.0580276545973
418,418,dend,3,2,1,CA1so1,CA1so_4,88.07558978585972
419,419,dend,3,2,1,CA1so1,CA1so_4,100.09315191712216
420,420,dend,3,2,1,CA1so1,CA1so_4,112.1107140483846
421,421,dend,2,3,2,CA1so2,CA1so_3,124.12827617964702
422,422,dend,2,3,2,CA1so2,CA1so_3,136.14583831090945
423,423,dend,2,3,2,CA1so2,CA1so_3,148.16340044217188
424,424,dend,2,3,2,CA1so2,CA1so_3,160.1809625734343
425,425,dend,2,4,2,CA1so2,CA1so_3,172.19852470469672
426,426,dend,3,2,1,CA1so1,CA1so_4,75.41479127782011
427,427,dend,3,2,1,CA1so1,CA1so_4,86.14588065552819
428,428,dend,3,2,1,CA1so1,CA1so_4,96.87697003323626
429,429,dend,3,2,1,CA1so1,CA1so_4,107.60805941094434
430,430,dend,3,3,1,CA1so1,CA1so_4,118.33914878865241
431,431,dend,2,3,2,CA1so2,CA1so_3,129.07023816636047
432,432,dend,2,3,2,CA1so2,CA1so_3,139.80132754406856
433,433,dend,4,1,0,CA1so0,CA1so_5,43.943707584647385
434,434,dend,4,2,0,CA1so0,CA1so_5,58.43005966204504
435,435,dend,3,2,1,CA1so1,CA1so_4,73.50544166725626
436,436,dend,3,2,1,CA1so1,CA1so_4,88.58082367246747
437,437,dend,3,2,1,CA1so1,CA1so_4,103.65620567767868
438,438,dend,3,3,1,CA1so1,CA1so_4,118.7315876828899
439,439,dend,2,3,2,CA1so2,CA1so_3,133.8069696881011
440,440,dend,2,3,2,CA1so2,CA1so_3,148.88235169331233
441,441,dend,4,2,0,CA1so0,CA1so_5,59.08973012413493
442,442,dend,3,2,1,CA1so1,CA1so_4,74.76783323620724
443,443,dend,3,2,1,CA1so1,CA1so_4,89.72931653096083
444,444,dend,3,2,1,CA1so1,CA1so_4,104.69079982571444
445,445,dend,3,3,1,CA1so1,CA1so_4,119.65228312046803
446,446,dend,2,3,2,CA1so2,CA1so_3,134.61376641522162
447,447,dend,2,3,2,CA1so2,CA1so_3,149.57524970997522
448,448,dend,2,3,2,CA1so2,CA1so_3,164.5367330047288
449,449,dend,2,4,2,CA1so2,CA1so_3,179.4982162994824
450,450,dend,1,4,3,CA1so3,CA1so_2,194.45969959423599
451,451,dend,3,2,1,CA1so1,CA1so_4,73.28114518934204
452,452,dend,3,2,1,CA1so1,CA1so_4,85.10116507698059
453,453,dend,3,2,1,CA1so1,CA1so_4,96.75309765123448
454,454,dend,3,2,1,CA1so1,CA1so_4,108.40503022548839
455,455,dend,3,3,1,CA1so1,CA1so_4,120.05696279974228
456,456,dend,2,3,2,CA1so2,CA1so_3,131.7088953739962
457,457,dend,2,3,2,CA1so2,CA1so_3,143.36082794825006
458,458,dend,2,3,2,CA1so2,CA1so_3,155.01276052250398
459,459,dend,3,2,1,CA1so1,CA1so_4,86.08779159835517
460,460,dend,3,2,1,CA1so1,CA1so_4,99.7129772153582
461,461,dend,3,2,1,CA1so1,CA1so_4,113.33816283236123
462,462,dend,2,3,2,CA1so2,CA1so_3,126.96334844936426
463,463,dend,2,3,2,CA1so2,CA1so_3,140.5885340663673
464,464,dend,2,3,2,CA1so2,CA1so_3,154.21371968337033
465,465,dend,2,3,2,CA1so2,CA1so_3,167.83890530037334
466,466,dend,4,1,0,CA1so0,CA1so_5,29.513889429936093
467,467,dend,4,1,0,CA1so0,CA1so_5,43.11178826209133
468,468,dend,4,1,0,CA1so0,CA1so_5,50.62524822445181
469,469,dend,3,2,1,CA1so1,CA1so_4,64.62589203990227
470,470,dend,3,2,1,CA1so1,CA1so_4,80.802959227777
471,471,dend,3,2,1,CA1so1,CA1so_4,95.08080679622014
472,472,dend,3,2,1,CA1so1,CA1so_4,109.35865436466331
473,473,dend,3,3,1,CA1so1,CA1so_4,123.63650193310646
474,474,dend,2,3,2,CA1so2,CA1so_3,137.91434950154962
475,475,dend,2,3,2,CA1so2,CA1so_3,152.19219706999277
476,476,dend,2,3,2,CA1so2,CA1so_3,166.47004463843595
477,477,dend,3,2,1,CA1so1,CA1so_4,80.56759639606945
478,478,dend,3,2,1,CA1so1,CA1so_4,94.37471830109753
479,479,dend,3,2,1,CA1so1,CA1so_4,108.1818402061256
480,480,dend,3,3,1,CA1so1,CA1so_4,121.98896211115367
481,481,dend,2,3,2,CA1so2,CA1so_3,135.79608401618174
482,482,dend,2,3,2,CA1so2,CA1so_3,149.60320592120982
483,483,dend,2,3,2,CA1so2,CA1so_3,163.4103278262379
484,484,dend,2,4,2,CA1so2,CA1so_3,177.21744973126602
485,485,dend,1,4,3,CA1so3,CA1so_2,191.0245716362941
486,486,dend,1,4,3,CA1so3,CA1so_2,204.83169354132218
487,487,dend,1,4,3,CA1so3,CA1so_2,218.63881544635026
488,488,dend,3,2,1,CA1so1,CA1so_4,62.28480979587333
489,489,dend,3,2,1,CA1so1,CA1so_4,75.87444328178884
490,490,dend,3,2,1,CA1so1,CA1so_4,89.79520180263874
491,491,dend,3,2,1,CA1so1,CA1so_4,103.85157419175594
492,492,dend,3,3,1,CA1so1,CA1so_4,117.90794658087313
493,493,dend,2,3,2,CA1so2,CA1so_3,131.9643189699903
494,494,dend,2,3,2,CA1so2,CA1so_3,146.0206913591075
495,495,dend,2,3,2,CA1so2,CA1so_3,160.07706374822473
496,496,dend,2,4,2,CA1so2,CA1so_3,174.13343613734193
497,497,dend,1,4,3,CA1so3,CA1so_2,188.18980852645913
498,498,dend,1,4,3,CA1so3,CA1so_2,202.2461809155763
499,499,dend,3,2,1,CA1so1,CA1so_4,87.3857545493028
500,500,dend,3,2,1,CA1so1,CA1so_4,96.62323243174812
501,501,dend,3,2,1,CA1so1,CA1so_4,105.86071031419343
502,502,dend,3,3,1,CA1so1,CA1so_4,115.64573899447173
503,503,dend,2,3,2,CA1so2,CA1so_3,127.07902329069195
504,504,dend,2,3,2,CA1so2,CA1so_3,139.6130124050211
505,505,dend,2,3,2,CA1so2,CA1so_3,152.14700151935028
506,506,dend,2,3,2,CA1so2,CA1so_3,164.68099063367947
507,507,dend,2,4,2,CA1so2,CA1so_3,177.21497974800863
508,508,dend,1,4,3,CA1so3,CA1so_2,189.74896886233782
509,509,dend,1,4,3,CA1so3,CA1so_2,202.28295797666698
510,510,dend,2,3,2,CA1so2,CA1so_3,127.93382494817348
511,511,dend,2,3,2,CA1so2,CA1so_3,142.1774173774657
512,512,dend,2,3,2,CA1so2,CA1so_3,156.4210098067579
513,513,dend,2,3,2,CA1so2,CA1so_3,170.66460223605011
514,514,dend,2,4,2,CA1so2,CA1so_3,184.90819466534234
515,515,dend,1,4,3,CA1so3,CA1so_2,199.15178709463453
516,516,dend,1,4,3,CA1so3,CA1so_2,213.39537952392675
517,517,dend,3,3,1,CA1so1,CA1so_4,117.30511728220988
518,518,dend,2,3,2,CA1so2,CA1so_3,130.9564533357975
519,519,dend,2,3,2,CA1so2,CA1so_3,144.6077893893851
520,520,dend,2,3,2,CA1so2,CA1so_3,158.2591254429727
521,521,dend,2,4,2,CA1so2,CA1so_3,171.91046149656032
522,522,dend,2,4,2,CA1so2,CA1so_3,185.56179755014793
523,523,dend,1,4,3,CA1so3,CA1so_2,199.21313360373554
524,524,dend,1,4,3,CA1so3,CA1so_2,212.86446965732313
525,525,dend,1,4,3,CA1so3,CA1so_2,226.51580571091074
526,526,dend,3,2,1,CA1so1,CA1so_4,73.05997319469874
527,527,dend,3,2,1,CA1so1,CA1so_4,81.21617767310116
528,528,dend,3,2,1,CA1so1,CA1so_4,89.37238215150356
529,529,dend,3,2,1,CA1so1,CA1so_4,97.44660865204372
530,530,dend,3,2,1,CA1so1,CA1so_4,105.4388571747216
531,531,dend,3,2,1,CA1so1,CA1so_4,113.43110569739952
532,532,dend,3,2,1,CA1so1,CA1so_4,101.07341550291152
533,533,dend,3,3,1,CA1so1,CA1so_4,116.31927772732499
534,534,dend,2,3,2,CA1so2,CA1so_3,131.56513995173847
535,535,dend,2,3,2,CA1so2,CA1so_3,146.81100217615196
536,536,dend,2,3,2,CA1so2,CA1so_3,162.05686440056547
537,537,dend,2,4,2,CA1so2,CA1so_3,176.1620493194999
538,538,dend,1,4,3,CA1so3,CA1so_2,189.12655693295525
539,539,dend,1,4,3,CA1so3,CA1so_2,202.0910645464106
540,540,dend,1,4,3,CA1so3,CA1so_2,215.05557215986593
541,541,dend,1,5,3,CA1so3,CA1so_2,228.0200797733213
542,542,dend,2,4,2,CA1so2,CA1so_3,175.28063759708053
543,543,dend,1,4,3,CA1so3,CA1so_2,186.48232176569712
544,544,dend,1,4,3,CA1so3,CA1so_2,197.68400593431372
545,545,dend,1,4,3,CA1so3,CA1so_2,208.8856901029303
546,546,dend,1,4,3,CA1so3,CA1so_2,220.0873742715469
547,547,dend,1,5,3,CA1so3,CA1so_2,231.28905844016347
548,548,dend,1,5,3,CA1so3,CA1so_2,242.49074260878007
549,549,dend,4,1,0,CA1so0,CA1so_5,51.65723007572627
550,550,dend,3,2,1,CA1so1,CA1so_4,63.64619460186978
551,551,dend,3,2,1,CA1so1,CA1so_4,75.6351591280133
552,552,dend,3,2,1,CA1so1,CA1so_4,87.70651515647248
553,553,dend,3,2,1,CA1so1,CA1so_4,99.86026268724731
554,554,dend,3,2,1,CA1so1,CA1so_4,112.01401021802214
555,555,dend,2,3,2,CA1so2,CA1so_3,124.16775774879697
556,556,dend,2,3,2,CA1so2,CA1so_3,136.3215052795718
557,557,dend,2,3,2,CA1so2,CA1so_3,149.41867831430037
558,558,dend,2,3,2,CA1so2,CA1so_3,163.4592768529826
559,559,dend,2,4,2,CA1so2,CA1so_3,177.4998753916649
560,560,dend,1,4,3,CA1so3,CA1so_2,191.54047393034713
561,561,dend,1,4,3,CA1so3,CA1so_2,205.58107246902938
562,562,dend,1,4,3,CA1so3,CA1so_2,219.62167100771163
563,563,dend,1,5,3,CA1so3,CA1so_2,233.6622695463939
564,564,dend,2,3,2,CA1so2,CA1so_3,147.71428098368364
565,565,dend,2,3,2,CA1so2,CA1so_3,158.34608486113245
566,566,dend,2,3,2,CA1so2,CA1so_3,168.97788873858124
567,567,dend,2,4,2,CA1so2,CA1so_3,179.60969261603003
568,568,dend,1,4,3,CA1so3,CA1so_2,190.24149649347885
569,569,dend,1,4,3,CA1so3,CA1so_2,200.87330037092764
570,570,dend,1,4,3,CA1so3,CA1so_2,211.50510424837645
571,571,dend,3,2,1,CA1so1,CA1so_4,86.59544616834381
572,572,dend,3,2,1,CA1so1,CA1so_4,99.00185721300456
573,573,dend,3,2,1,CA1so1,CA1so_4,113.8830697478085
574,574,dend,2,3,2,CA1so2,CA1so_3,128.76428228261247
575,575,dend,2,3,2,CA1so2,CA1so_3,143.64549481741642
576,576,dend,2,3,2,CA1so2,CA1so_3,158.5267073522204
577,577,dend,2,4,2,CA1so2,CA1so_3,173.40791988702438
578,578,dend,1,4,3,CA1so3,CA1so_2,188.28913242182833
579,579,dend,1,4,3,CA1so3,CA1so_2,203.1703449566323
580,580,dend,1,4,3,CA1so3,CA1so_2,218.05155749143626
581,581,dend,3,2,1,CA1so1,CA1so_4,95.11689655891038
582,582,dend,3,2,1,CA1so1,CA1so_4,102.228187785526
583,583,dend,3,2,1,CA1so1,CA1so_4,109.33947901214161
584,584,dend,3,3,1,CA1so1,CA1so_4,117.98137795175374
585,585,dend,2,3,2,CA1so2,CA1so_3,128.15388460436236
586,586,dend,2,3,2,CA1so2,CA1so_3,138.326391256971
587,587,dend,2,3,2,CA1so2,CA1so_3,148.49889790957963
588,588,dend,2,3,2,CA1so2,CA1so_3,158.67140456218826
589,589,dend,3,3,1,CA1so1,CA1so_4,116.96554113227678
590,590,dend,2,3,2,CA1so2,CA1so_3,125.1063741459315
591,591,dend,2,3,2,CA1so2,CA1so_3,133.24720715958625
592,592,dend,2,3,2,CA1so2,CA1so_3,142.98626190818294
593,593,dend,2,3,2,CA1so2,CA1so_3,154.3235383917217
594,594,dend,2,3,2,CA1so2,CA1so_3,165.66081487526046
595,595,dend,2,4,2,CA1so2,CA1so_3,176.9980913587992
596,596,dend,1,4,3,CA1so3,CA1so_2,188.33536784233794
597,597,dend,2,3,2,CA1so2,CA1so_3,143.9189671031287
598,598,dend,2,3,2,CA1so2,CA1so_3,157.12165397655886
599,599,dend,2,3,2,CA1so2,CA1so_3,170.32434084998906
600,600,dend,2,4,2,CA1so2,CA1so_3,183.52702772341922
601,601,dend,1,4,3,CA1so3,CA1so_2,196.7297145968494
602,602,dend,4,1,0,CA1so0,CA1so_5,49.254194092037906
603,603,dend,3,2,1,CA1so1,CA1so_4,66.64092485305743
604,604,dend,3,2,1,CA1so1,CA1so_4,84.02765561407695
605,605,dend,4,1,0,CA1so0,CA1so_5,25.923566565212937
606,606,dend,4,1,0,CA1so0,CA1so_5,40.83679939895074
607,607,dend,4,1,0,CA1so0,CA1so_5,55.75003223268854
608,608,dend,3,2,1,CA1so1,CA1so_4,67.20135814286292
609,609,dend,3,2,1,CA1so1,CA1so_4,75.19077712947389
610,610,dend,3,2,1,CA1so1,CA1so_4,83.18019611608484
611,611,dend,3,2,1,CA1so1,CA1so_4,70.80595051681334
612,612,dend,3,2,1,CA1so1,CA1so_4,86.00455425132517
613,613,dend,3,2,1,CA1so1,CA1so_4,101.203157985837
614,614,dend,3,3,1,CA1so1,CA1so_4,116.04551112926187
615,615,dend,2,3,2,CA1so2,CA1so_3,130.53161368159982
616,616,dend,2,3,2,CA1so2,CA1so_3,145.01771623393773
617,617,dend,2,3,2,CA1so2,CA1so_3,159.50381878627564
618,618,dend,2,4,2,CA1so2,CA1so_3,173.9899213386136
619,619,dend,1,4,3,CA1so3,CA1so_2,188.47602389095152
620,620,dend,1,4,3,CA1so3,CA1so_2,202.9621264432895
621,621,dend,3,3,1,CA1so1,CA1so_4,116.67071133636381
622,622,dend,2,3,2,CA1so2,CA1so_3,130.35958544005445
623,623,dend,2,3,2,CA1so2,CA1so_3,142.00083068089396
624,624,dend,2,3,2,CA1so2,CA1so_3,153.6420759217334
625,625,dend,2,3,2,CA1so2,CA1so_3,165.28332116257292
626,626,dend,2,4,2,CA1so2,CA1so_3,176.92456640341237
627,627,dend,1,4,3,CA1so3,CA1so_2,188.56581164425188
628,628,dend,1,4,3,CA1so3,CA1so_2,200.2070568850914
629,629,dend,1,4,3,CA1so3,CA1so_2,211.82468190446792
630,630,dend,1,4,3,CA1so3,CA1so_2,223.4186867023816
631,631,dend,1,5,3,CA1so3,CA1so_2,235.0126915002952
632,632,dend,1,4,3,CA1so3,CA1so_2,212.31695853954687
633,633,dend,1,4,3,CA1so3,CA1so_2,224.89551660761833
634,634,dend,1,5,3,CA1so3,CA1so_2,237.47407467568985
635,635,dend,2,3,2,CA1so2,CA1so_3,128.461448711034
636,636,dend,2,3,2,CA1so2,CA1so_3,136.3064204938326
637,637,dend,2,3,2,CA1so2,CA1so_3,144.1513922766312
638,638,dend,2,3,2,CA1so2,CA1so_3,155.0259359645309
639,639,dend,2,3,2,CA1so2,CA1so_3,168.70613847690248
640,640,dend,2,4,2,CA1so2,CA1so_3,182.16242790864493
641,641,dend,1,4,3,CA1so3,CA1so_2,195.61871734038743
642,642,dend,1,4,3,CA1so3,CA1so_2,209.07500677212988
643,643,dend,1,4,3,CA1so3,CA1so_2,222.53129620387233
644,644,dend,2,3,2,CA1so2,CA1so_3,168.50360111691265
645,645,dend,2,4,2,CA1so2,CA1so_3,181.55481582867543
646,646,dend,1,4,3,CA1so3,CA1so_2,194.6060305404382
647,647,dend,1,4,3,CA1so3,CA1so_2,207.657245252201
648,648,dend,1,4,3,CA1so3,CA1so_2,220.70845996396378
649,649,dend,1,5,3,CA1so3,CA1so_2,233.75967467572656
650,650,dend,1,5,3,CA1so3,CA1so_2,246.81088938748934
651,651,dend,0,5,4,CA1so4,CA1so_1,259.8621040992521
652,652,dend,0,5,4,CA1so4,CA1so_1,272.9133188110149
653,653,dend,2,3,2,CA1so2,CA1so_3,154.5549102617959
654,654,dend,2,3,2,CA1so2,CA1so_3,167.51697444932677
655,655,dend,2,4,2,CA1so2,CA1so_3,180.47903863685764
656,656,dend,1,4,3,CA1so3,CA1so_2,193.4411028243885
657,657,dend,1,4,3,CA1so3,CA1so_2,206.40316701191938
658,658,dend,1,4,3,CA1so3,CA1so_2,219.36523119945025
659,659,dend,1,5,3,CA1so3,CA1so_2,232.32729538698112
660,660,dend,1,5,3,CA1so3,CA1so_2,245.289359574512
661,661,dend,0,5,4,CA1so4,CA1so_1,258.25142376204286
662,662,dend,4,1,0,CA1so0,CA1so_5,35.72678425826195
663,663,dend,4,2,0,CA1so0,CA1so_5,60.3900699806226
664,664,dend,3,2,1,CA1so1,CA1so_4,75.19697320550807
665,665,dend,3,2,1,CA1so1,CA1so_4,90.00387643039355
666,666,dend,3,2,1,CA1so1,CA1so_4,104.81077965527899
667,667,dend,3,3,1,CA1so1,CA1so_4,119.61768288016447
668,668,dend,2,3,2,CA1so2,CA1so_3,134.42458610504994
669,669,dend,2,3,2,CA1so2,CA1so_3,149.2314893299354
670,670,dend,2,3,2,CA1so2,CA1so_3,164.03839255482086
671,671,dend,2,4,2,CA1so2,CA1so_3,178.84529577970636
672,672,dend,1,4,3,CA1so3,CA1so_2,193.6521990045918
673,673,dend,1,4,3,CA1so3,CA1so_2,208.4591022294773
674,674,dend,1,4,3,CA1so3,CA1so_2,223.26600545436276
675,675,dend,1,5,3,CA1so3,CA1so_2,238.07290867924826
676,676,dend,3,2,1,CA1so1,CA1so_4,65.9409716238425
677,677,dend,3,2,1,CA1so1,CA1so_4,87.08328382290696
678,678,dend,3,2,1,CA1so1,CA1so_4,99.14734250351268
679,679,dend,3,2,1,CA1so1,CA1so_4,106.89954197792045
680,680,dend,3,3,1,CA1so1,CA1so_4,114.65174145232822
681,681,dend,2,3,2,CA1so2,CA1so_3,125.1166002739066
682,682,dend,2,3,2,CA1so2,CA1so_3,138.2941184426556
683,683,dend,2,3,2,CA1so2,CA1so_3,151.47163661140456
684,684,dend,2,3,2,CA1so2,CA1so_3,164.64915478015354
685,685,dend,2,4,2,CA1so2,CA1so_3,177.8266729489025
686,686,dend,1,4,3,CA1so3,CA1so_2,191.0041911176515
687,687,dend,1,4,3,CA1so3,CA1so_2,204.18170928640046
688,688,dend,1,4,3,CA1so3,CA1so_2,217.35922745514944
689,689,dend,1,5,3,CA1so3,CA1so_2,230.5367456238984
690,690,dend,2,3,2,CA1so2,CA1so_3,124.90223940881772
691,691,dend,2,3,2,CA1so2,CA1so_3,137.65103584738893
692,692,dend,2,3,2,CA1so2,CA1so_3,150.3998322859601
693,693,dend,2,3,2,CA1so2,CA1so_3,163.1486287245313
694,694,dend,2,4,2,CA1so2,CA1so_3,175.89742516310253
695,695,dend,1,4,3,CA1so3,CA1so_2,188.64622160167374
696,696,dend,1,4,3,CA1so3,CA1so_2,201.39501804024496
697,697,dend,3,2,1,CA1so1,CA1so_4,102.55888722264413
698,698,dend,3,3,1,CA1so1,CA1so_4,117.13417613531483
699,699,dend,2,3,2,CA1so2,CA1so_3,131.70946504798553
700,700,dend,2,3,2,CA1so2,CA1so_3,146.2847539606562
701,701,dend,2,3,2,CA1so2,CA1so_3,160.8600428733269
702,702,dend,2,4,2,CA1so2,CA1so_3,175.43533178599756
703,703,dend,1,4,3,CA1so3,CA1so_2,190.01062069866828
704,704,dend,1,4,3,CA1so3,CA1so_2,204.01915641411057
705,705,dend,1,4,3,CA1so3,CA1so_2,217.46093893232444
706,706,dend,1,5,3,CA1so3,CA1so_2,230.90272145053837
707,707,dend,1,5,3,CA1so3,CA1so_2,244.34450396875224
708,708,dend,0,5,4,CA1so4,CA1so_1,257.78628648696616
709,709,dend,0,5,4,CA1so4,CA1so_1,271.22806900518003
710,710,dend,0,5,4,CA1so4,CA1so_1,284.6698515233939
711,711,dend,0,6,4,CA1so4,CA1so_1,298.11163404160783
712,712,dend,0,6,4,CA1so4,CA1so_1,311.5534165598217
713,713,dend,1,4,3,CA1so3,CA1so_2,203.56750798463452
714,714,dend,1,4,3,CA1so3,CA1so_2,216.10599364389634
715,715,dend,1,5,3,CA1so3,CA1so_2,228.6444793031581
716,716,dend,1,5,3,CA1so3,CA1so_2,241.18296496241987
717,717,dend,0,5,4,CA1so4,CA1so_1,253.7214506216817
718,718,dend,3,2,1,CA1so1,CA1so_4,85.85624623396473
719,719,dend,3,2,1,CA1so1,CA1so_4,99.77808894288387
720,720,dend,3,2,1,CA1so1,CA1so_4,113.69993165180304
721,721,dend,2,3,2,CA1so2,CA1so_3,128.67812160331073
722,722,dend,2,3,2,CA1so2,CA1so_3,144.71265879740696
723,723,dend,2,3,2,CA1so2,CA1so_3,160.74719599150325
724,724,dend,2,4,2,CA1so2,CA1so_3,173.4683754178094
725,725,dend,2,4,2,CA1so2,CA1so_3,182.8761970763254
726,726,dend,1,4,3,CA1so3,CA1so_2,192.28401873484142
727,727,dend,1,4,3,CA1so3,CA1so_2,201.69184039335744
728,728,dend,1,4,3,CA1so3,CA1so_2,211.09966205187345
729,729,dend,2,4,2,CA1so2,CA1so_3,176.28640507139994
730,730,dend,1,4,3,CA1so3,CA1so_2,191.3302860370971
731,731,dend,1,4,3,CA1so3,CA1so_2,206.3741670027942
732,732,dend,1,4,3,CA1so3,CA1so_2,221.41804796849135
733,733,dend,1,5,3,CA1so3,CA1so_2,236.4619289341885
734,734,dend,2,3,2,CA1so2,CA1so_3,127.91652364000196
735,735,dend,2,3,2,CA1so2,CA1so_3,142.42786490748068
736,736,dend,2,3,2,CA1so2,CA1so_3,156.9392061749594
737,737,axon,-1,1,0,,,17.29217181056894
738,738,axon,-1,1,0,,,36.710415346925174
739,739,axon,-1,1,0,,,56.12865888328141
740,740,axon,-1,2,1,,,75.54690241963765
741,741,axon,-1,2,1,,,94.96514595599388
